date;FXAUDCAD;FXCHFCAD;FXCNYCAD;FXEURCAD;FXGBPCAD;FXJPYCAD;FXMXNCAD;FXNZDCAD;FXSEKCAD;FXUSDCAD
2019-06-17;0.9196;1.3428;0.1936;1.5056;1.6847;0.01235;0.06990;0.8716;0.1415;1.3407
2019-06-18;0.9197;1.3395;0.1939;1.4994;1.6797;0.01235;0.07005;0.8735;0.1407;1.3394
2019-06-19;0.9170;1.3402;0.1933;1.4968;1.6848;0.01232;0.06967;0.8712;0.1402;1.3343
2019-06-20;0.9132;1.3430;0.1925;1.4897;1.6747;0.01227;0.06953;0.8689;0.1402;1.3191
2019-06-21;0.9143;1.3493;0.1923;1.4981;1.6780;0.01229;0.06922;0.8683;0.1409;1.3212
2019-06-24;0.9183;1.3557;0.1919;1.5029;1.6798;0.01229;0.06881;0.8727;0.1419;1.3194
2019-06-25;0.9178;1.3521;0.1915;1.4993;1.6746;0.01230;0.06852;0.8758;0.1422;1.3174
2019-06-26;0.9172;1.3436;0.1909;1.4931;1.6659;0.01219;0.06855;0.8776;0.1417;1.3130
2019-06-27;0.9178;1.3419;0.1907;1.4904;1.6629;0.01216;0.06847;0.8781;0.1413;1.3111
2019-06-28;0.9177;1.3410;0.1906;1.4887;1.6624;0.01214;0.06821;0.8786;0.1410;1.3087
2019-07-02;0.9170;1.3291;0.1908;1.4816;1.6539;0.01214;0.06876;0.8750;0.1406;1.3114
2019-07-03;0.9192;1.3257;0.1900;1.4751;1.6440;0.01213;0.06867;0.8765;0.1404;1.3073
2019-07-04;0.9169;1.3253;0.1900;1.4733;1.6427;0.01211;0.06874;0.8732;0.1400;1.3059
2019-07-05;0.9141;1.3206;0.1901;1.4702;1.6393;0.01207;0.06884;0.8675;0.1389;1.3099
2019-07-08;0.9124;1.3169;0.1901;1.4671;1.6369;0.01204;0.06916;0.8673;0.1383;1.3081
2019-07-09;0.9095;1.3216;0.1906;1.4712;1.6360;0.01206;0.06903;0.8674;0.1385;1.3127
2019-07-10;0.9108;1.3225;0.1904;1.4728;1.6370;0.01206;0.06811;0.8697;0.1390;1.3092
2019-07-11;0.9121;1.3220;0.1903;1.4717;1.6386;0.01206;0.06839;0.8717;0.1393;1.3071
2019-07-12;0.9135;1.3237;0.1895;1.4679;1.6371;0.01207;0.06854;0.8712;0.1390;1.3038
2019-07-15;0.9171;1.3247;0.1896;1.4683;1.6328;0.01208;0.06872;0.8761;0.1393;1.3039
2019-07-16;0.9166;1.3208;0.1898;1.4636;1.6204;0.01206;0.06845;0.8754;0.1390;1.3052
2019-07-17;0.9152;1.3213;0.1899;1.4649;1.6225;0.01207;0.06855;0.8788;0.1394;1.3053
2019-07-18;0.9207;1.3256;0.1900;1.4679;1.6329;0.01213;0.06876;0.8828;0.1398;1.3069
2019-07-19;0.9216;1.3308;0.1900;1.4670;1.6349;0.01213;0.06875;0.8850;0.1394;1.3071
2019-07-22;0.9229;1.3353;0.1904;1.4697;1.6353;0.01215;0.06875;0.8877;0.1393;1.3103
2019-07-23;0.9208;1.3346;0.1910;1.4661;1.6353;0.01215;0.06868;0.8818;0.1388;1.3142
2019-07-24;0.9169;1.3334;0.1911;1.4638;1.6409;0.01215;0.06883;0.8815;0.1393;1.3137
2019-07-25;0.9143;1.3280;0.1913;1.4657;1.6393;0.01211;0.06902;0.8770;0.1392;1.3146
2019-07-26;0.9111;1.3269;0.1916;1.4668;1.6342;0.01213;0.06917;0.8746;0.1388;1.3182
2019-07-29;0.9083;1.3266;0.1909;1.4653;1.6104;0.01210;0.06895;0.8716;0.1386;1.3159
2019-07-30;0.9054;1.3294;0.1913;1.4683;1.6018;0.01212;0.06905;0.8706;0.1377;1.3168
2019-07-31;0.9044;1.3271;0.1910;1.4627;1.6043;0.01210;0.06914;0.8665;0.1370;1.3148
2019-08-01;0.9038;1.3308;0.1916;1.4621;1.6034;0.01223;0.06883;0.8668;0.1368;1.3217
2019-08-02;0.8984;1.3452;0.1906;1.4686;1.6055;0.01240;0.06846;0.8637;0.1371;1.3225
2019-08-06;0.8974;1.3561;0.1887;1.4832;1.6119;0.01245;0.06759;0.8656;0.1382;1.3253
2019-08-07;0.8995;1.3691;0.1887;1.4946;1.6185;0.01258;0.06773;0.8594;0.1384;1.3322
2019-08-08;0.9022;1.3584;0.1882;1.4848;1.6088;0.01250;0.06794;0.8586;0.1383;1.3257
2019-08-09;0.8990;1.3593;0.1872;1.4814;1.5955;0.01252;0.06807;0.8564;0.1385;1.3221
2019-08-12;0.8937;1.3640;0.1875;1.4839;1.5988;0.01257;0.06752;0.8538;0.1382;1.3234
2019-08-13;0.8984;1.3600;0.1878;1.4808;1.5972;0.01245;0.06798;0.8536;0.1387;1.3236
2019-08-14;0.8980;1.3679;0.1895;1.4842;1.6056;0.01257;0.06791;0.8560;0.1384;1.3311
2019-08-15;0.9033;1.3650;0.1894;1.4808;1.6145;0.01256;0.06784;0.8586;0.1382;1.3325
2019-08-16;0.9011;1.3566;0.1887;1.4731;1.6146;0.01250;0.06783;0.8543;0.1374;1.3286
2019-08-19;0.9006;1.3559;0.1886;1.4753;1.6133;0.01248;0.06716;0.8532;0.1375;1.3298
2019-08-20;0.9030;1.3608;0.1887;1.4777;1.6179;0.01253;0.06741;0.8548;0.1373;1.3323
2019-08-21;0.9017;1.3534;0.1880;1.4734;1.6112;0.01247;0.06745;0.8511;0.1379;1.3278
2019-08-22;0.8989;1.3513;0.1877;1.4734;1.6274;0.01249;0.06729;0.8473;0.1375;1.3293
2019-08-23;0.8986;1.3602;0.1877;1.4794;1.6318;0.01258;0.06700;0.8504;0.1380;1.3310
2019-08-26;0.8996;1.3564;0.1857;1.4753;1.6237;0.01252;0.06673;0.8482;0.1373;1.3279
2019-08-27;0.8966;1.3518;0.1852;1.4721;1.6300;0.01254;0.06636;0.8447;0.1374;1.3267
2019-08-28;0.8969;1.3554;0.1857;1.4739;1.6255;0.01256;0.06640;0.8432;0.1369;1.3301
2019-08-29;0.8955;1.3496;0.1861;1.4706;1.6215;0.01249;0.06609;0.8405;0.1362;1.3296
2019-08-30;0.8946;1.3433;0.1858;1.4629;1.6185;0.01251;0.06627;0.8376;0.1353;1.3295
2019-09-03;0.9007;1.3507;0.1859;1.4626;1.6107;0.01259;0.06665;0.8425;0.1355;1.3343
2019-09-04;0.9011;1.3505;0.1856;1.4622;1.6181;0.01248;0.06706;0.8429;0.1360;1.3263
2019-09-05;0.9019;1.3419;0.1850;1.4614;1.6307;0.01237;0.06723;0.8437;0.1367;1.3228
2019-09-06;0.9024;1.3339;0.1851;1.4543;1.6209;0.01233;0.06735;0.8474;0.1369;1.3174
2019-09-09;0.9036;1.3277;0.1847;1.4541;1.6253;0.01229;0.06732;0.8462;0.1363;1.3155
2019-09-10;0.9023;1.3274;0.1850;1.4522;1.6249;0.01225;0.06736;0.8443;0.1356;1.3153
2019-09-11;0.9044;1.3270;0.1852;1.4503;1.6252;0.01223;0.06746;0.8455;0.1361;1.3181
2019-09-12;0.9076;1.3330;0.1865;1.4579;1.6292;0.01223;0.06795;0.8477;0.1369;1.3205
2019-09-13;0.9123;1.3402;0.1873;1.4684;1.6521;0.01226;0.06838;0.8461;0.1380;1.3257
2019-09-16;0.9093;1.3350;0.1874;1.4585;1.6466;0.01227;0.06816;0.8416;0.1370;1.3248
2019-09-17;0.9087;1.3340;0.1869;1.4655;1.6542;0.01226;0.06824;0.8411;0.1369;1.3257
2019-09-18;0.9078;1.3332;0.1873;1.4669;1.6560;0.01226;0.06854;0.8403;0.1368;1.3271
2019-09-19;0.9015;1.3360;0.1868;1.4657;1.6576;0.01228;0.06836;0.8363;0.1368;1.3259
2019-09-20;0.8989;1.3380;0.1872;1.4622;1.6573;0.01231;0.06824;0.8312;0.1366;1.3275
2019-09-23;0.8984;1.3401;0.1864;1.4584;1.6491;0.01235;0.06819;0.8341;0.1363;1.3270
2019-09-24;0.9005;1.3424;0.1862;1.4584;1.6538;0.01234;0.06811;0.8377;0.1368;1.3249
2019-09-25;0.8960;1.3406;0.1861;1.4542;1.6411;0.01232;0.06780;0.8334;0.1362;1.3270
2019-09-26;0.8963;1.3355;0.1859;1.4503;1.6368;0.01231;0.06759;0.8365;0.1360;1.3260
2019-09-27;0.8961;1.3363;0.1860;1.4496;1.6307;0.01227;0.06732;0.8341;0.1352;1.3249
2019-09-30;0.8941;1.3276;0.1853;1.4438;1.6290;0.01225;0.06712;0.8297;0.1347;1.3243
2019-10-01;0.8868;1.3299;0.1853;1.4464;1.6242;0.01227;0.06689;0.8255;0.1339;1.3244
2019-10-02;0.8904;1.3317;0.1860;1.4556;1.6348;0.01239;0.06715;0.8319;0.1345;1.3294
2019-10-03;0.8985;1.3349;0.1865;1.4632;1.6494;0.01247;0.06760;0.8401;0.1353;1.3330
2019-10-04;0.9011;1.3383;0.1863;1.4619;1.6401;0.01246;0.06815;0.8417;0.1353;1.3317
2019-10-07;0.8968;1.3379;0.1861;1.4616;1.6385;0.01242;0.06803;0.8375;0.1344;1.3306
2019-10-08;0.8971;1.3414;0.1865;1.4603;1.6270;0.01244;0.06799;0.8398;0.1342;1.3323
2019-10-09;0.8972;1.3389;0.1868;1.4626;1.6276;0.01240;0.06810;0.8398;0.1339;1.3324
2019-10-10;0.8990;1.3356;0.1868;1.4644;1.6409;0.01233;0.06819;0.8403;0.1351;1.3294
2019-10-11;0.8973;1.3231;0.1861;1.4577;1.6710;0.01217;0.06830;0.8368;0.1346;1.3198
2019-10-15;0.8924;1.3231;0.1865;1.4560;1.6810;0.01215;0.06862;0.8293;0.1346;1.3211
2019-10-16;0.8909;1.3256;0.1861;1.4603;1.6931;0.01214;0.06871;0.8278;0.1348;1.3201
2019-10-17;0.8969;1.3305;0.1857;1.4618;1.6883;0.01210;0.06857;0.8339;0.1353;1.3143
2019-10-18;0.8994;1.3318;0.1854;1.4644;1.6956;0.01211;0.06858;0.8372;0.1359;1.3132
2019-10-21;0.8996;1.3286;0.1851;1.4606;1.7001;0.01206;0.06843;0.8382;0.1361;1.3096
2019-10-22;0.8985;1.3245;0.1850;1.4581;1.6927;0.01206;0.06853;0.8396;0.1359;1.3094
2019-10-23;0.8961;1.3214;0.1851;1.4555;1.6865;0.01205;0.06841;0.8396;0.1356;1.3086
2019-10-24;0.8922;1.3185;0.1849;1.4529;1.6811;0.01204;0.06843;0.8348;0.1356;1.3075
2019-10-25;0.8915;1.3144;0.1849;1.4483;1.6753;0.01202;0.06850;0.8307;0.1349;1.3064
2019-10-28;0.8923;1.3117;0.1847;1.4487;1.6786;0.01199;0.06850;0.8283;0.1347;1.3056
2019-10-29;0.8970;1.3150;0.1850;1.4520;1.6827;0.01201;0.06839;0.8304;0.1345;1.3075
2019-10-30;0.9033;1.3263;0.1864;1.4622;1.6937;0.01208;0.06865;0.8362;0.1355;1.3152
2019-10-31;0.9072;1.3334;0.1869;1.4671;1.7034;0.01218;0.06860;0.8441;0.1364;1.3160
2019-11-01;0.9090;1.3337;0.1869;1.4683;1.7032;0.01217;0.06881;0.8470;0.1374;1.3157
2019-11-04;0.9066;1.3315;0.1870;1.4652;1.6962;0.01211;0.06864;0.8432;0.1369;1.3148
2019-11-05;0.9072;1.3251;0.1877;1.4570;1.6943;0.01206;0.06850;0.8402;0.1362;1.3153
2019-11-06;0.9076;1.3278;0.1883;1.4596;1.6957;0.01210;0.06866;0.8400;0.1370;1.3179
2019-11-07;0.9091;1.3241;0.1888;1.4563;1.6891;0.01206;0.06886;0.8385;0.1370;1.3176
2019-11-08;0.9067;1.3263;0.1890;1.4576;1.6915;0.01211;0.06920;0.8369;0.1362;1.3223
2019-11-12;0.9052;1.3312;0.1888;1.4569;1.6999;0.01213;0.06874;0.8376;0.1362;1.3228
2019-11-13;0.9050;1.3387;0.1886;1.4580;1.7010;0.01218;0.06815;0.8485;0.1360;1.3249
2019-11-14;0.8989;1.3414;0.1888;1.4599;1.7057;0.01222;0.06829;0.8447;0.1366;1.3258
2019-11-15;0.9011;1.3366;0.1888;1.4618;1.7069;0.01216;0.06888;0.8469;0.1372;1.3231
2019-11-18;0.9001;1.3371;0.1881;1.4633;1.7127;0.01216;0.06857;0.8460;0.1373;1.3214
2019-11-19;0.9037;1.3361;0.1884;1.4665;1.7116;0.01219;0.06842;0.8504;0.1374;1.3237
2019-11-20;0.9051;1.3409;0.1891;1.4723;1.7183;0.01225;0.06831;0.8537;0.1380;1.3304
2019-11-21;0.9025;1.3386;0.1890;1.4703;1.7164;0.01223;0.06843;0.8518;0.1379;1.3285
2019-11-22;0.9016;1.3335;0.1887;1.4661;1.7060;0.01223;0.06852;0.8515;0.1381;1.3287
2019-11-25;0.9016;1.3345;0.1891;1.4652;1.7155;0.01222;0.06847;0.8520;0.1380;1.3307
2019-11-26;0.9015;1.3323;0.1889;1.4641;1.7085;0.01219;0.06810;0.8533;0.1385;1.3288
2019-11-27;0.9002;1.3288;0.1889;1.4608;1.7115;0.01214;0.06795;0.8529;0.1386;1.3278
2019-11-28;0.8990;1.3299;0.1888;1.4623;1.7151;0.01213;0.06779;0.8524;0.1389;1.3285
2019-11-29;0.8988;1.3285;0.1890;1.4633;1.7172;0.01214;0.06800;0.8529;0.1389;1.3289
2019-12-02;0.9058;1.3387;0.1889;1.4715;1.7201;0.01218;0.06796;0.8640;0.1393;1.3297
2019-12-03;0.9100;1.3477;0.1884;1.4742;1.7290;0.01225;0.06793;0.8668;0.1395;1.3302
2019-12-04;0.9056;1.3373;0.1875;1.4655;1.7317;0.01215;0.06790;0.8636;0.1390;1.3223
2019-12-05;0.8998;1.3336;0.1870;1.4622;1.7325;0.01211;0.06801;0.8613;0.1388;1.3174
2019-12-06;0.9064;1.3383;0.1884;1.4658;1.7401;0.01220;0.06860;0.8701;0.1396;1.3255
2019-12-09;0.9040;1.3388;0.1880;1.4648;1.7407;0.01219;0.06878;0.8677;0.1389;1.3235
2019-12-10;0.9014;1.3431;0.1881;1.4672;1.7443;0.01217;0.06880;0.8658;0.1392;1.3233
2019-12-11;0.9058;1.3401;0.1875;1.4652;1.7398;0.01215;0.06886;0.8671;0.1400;1.3201
2019-12-12;0.9091;1.3380;0.1884;1.4660;1.7313;0.01208;0.06905;0.8683;0.1403;1.3182
2019-12-13;0.9069;1.3402;0.1887;1.4678;1.7584;0.01206;0.06920;0.8693;0.1404;1.3183
2019-12-16;0.9056;1.3370;0.1879;1.4647;1.7531;0.01200;0.06928;0.8678;0.1405;1.3142
2019-12-17;0.9012;1.3419;0.1881;1.4677;1.7287;0.01202;0.06955;0.8648;0.1403;1.3160
2019-12-18;0.8993;1.3376;0.1873;1.4586;1.7158;0.01197;0.06920;0.8628;0.1395;1.3119
2019-12-19;0.9026;1.3413;0.1872;1.4594;1.7097;0.01201;0.06919;0.8657;0.1393;1.3122
2019-12-20;0.9085;1.3404;0.1879;1.4584;1.7154;0.01203;0.06956;0.8693;0.1398;1.3164
2019-12-23;0.9104;1.3405;0.1877;1.4592;1.7017;0.01203;0.06946;0.8721;0.1396;1.3160
2019-12-24;0.9108;1.3411;0.1878;1.4584;1.7046;0.01203;0.06943;0.8730;0.1396;1.3157
2019-12-27;0.9125;1.3421;0.1869;1.4611;1.7124;0.01195;0.06933;0.8764;0.1400;1.3078
2019-12-30;0.9141;1.3477;0.1869;1.4631;1.7142;0.01199;0.06913;0.8790;0.1400;1.3059
2019-12-31;0.9122;1.3437;0.1865;1.4583;1.7174;0.01196;0.06882;0.8763;0.1394;1.2988
2020-01-02;0.9079;1.3374;0.1866;1.4520;1.7085;0.01197;0.06883;0.8699;0.1388;1.2992
2020-01-03;0.9035;1.3365;0.1864;1.4497;1.6993;0.01202;0.06869;0.8661;0.1382;1.2988
2020-01-06;0.8996;1.3384;0.1859;1.4515;1.7064;0.01198;0.06882;0.8648;0.1378;1.2970
2020-01-07;0.8934;1.3394;0.1873;1.4502;1.7070;0.01199;0.06889;0.8631;0.1377;1.3009
2020-01-08;0.8943;1.3400;0.1875;1.4480;1.7073;0.01196;0.06927;0.8654;0.1378;1.3026
2020-01-09;0.8966;1.3446;0.1887;1.4526;1.7075;0.01195;0.06945;0.8645;0.1378;1.3079
2020-01-10;0.9003;1.3407;0.1886;1.4504;1.7048;0.01191;0.06947;0.8657;0.1373;1.3051
2020-01-13;0.9013;1.3442;0.1893;1.4528;1.6949;0.01187;0.06935;0.8655;0.1377;1.3048
2020-01-14;0.9016;1.3491;0.1897;1.4530;1.6995;0.01187;0.06947;0.8640;0.1381;1.3062
2020-01-15;0.9005;1.3537;0.1894;1.4554;1.6996;0.01187;0.06941;0.8623;0.1380;1.3050
2020-01-16;0.9003;1.3526;0.1896;1.4532;1.7041;0.01185;0.06941;0.8662;0.1375;1.3045
2020-01-17;0.8987;1.3494;0.1904;1.4493;1.7017;0.01186;0.06976;0.8641;0.1373;1.3062
2020-01-20;0.8965;1.3473;0.1901;1.4471;1.6968;0.01185;0.06992;0.8620;0.1371;1.3053
2020-01-21;0.8958;1.3502;0.1892;1.4502;1.7058;0.01189;0.06979;0.8630;0.1374;1.3067
2020-01-22;0.8975;1.3532;0.1899;1.4541;1.7225;0.01193;0.07017;0.8651;0.1379;1.3116
2020-01-23;0.9000;1.3563;0.1895;1.4533;1.7234;0.01201;0.07000;0.8669;0.1379;1.3143
2020-01-24;0.8973;1.3536;0.1894;1.4493;1.7189;0.01202;0.06985;0.8683;0.1374;1.3140
2020-01-27;0.8914;1.3594;0.1900;1.4525;1.7211;0.01210;0.06967;0.8638;0.1371;1.3182
2020-01-28;0.8899;1.3542;0.1900;1.4509;1.7132;0.01208;0.07014;0.8607;0.1370;1.3179
2020-01-29;0.8903;1.3537;0.1902;1.4520;1.7166;0.01209;0.07054;0.8607;0.1372;1.3196
2020-01-30;0.8870;1.3636;0.1905;1.4579;1.7303;0.01215;0.07030;0.8575;0.1370;1.3217
2020-01-31;0.8860;1.3715;0.1908;1.4653;1.7435;0.01219;0.07009;0.8557;0.1372;1.3233
2020-02-03;0.8883;1.3746;0.1891;1.4681;1.7274;0.01222;0.07065;0.8581;0.1375;1.3275
2020-02-04;0.8937;1.3696;0.1897;1.4662;1.7302;0.01214;0.07104;0.8599;0.1383;1.3278
2020-02-05;0.8971;1.3653;0.1906;1.4622;1.7272;0.01211;0.07140;0.8607;0.1387;1.3289
2020-02-06;0.8957;1.3631;0.1907;1.4596;1.7198;0.01209;0.07126;0.8590;0.1381;1.3290
2020-02-07;0.8883;1.3620;0.1901;1.4574;1.7183;0.01212;0.07090;0.8524;0.1379;1.3305
2020-02-10;0.8898;1.3630;0.1907;1.4548;1.7213;0.01214;0.07101;0.8510;0.1378;1.3319
2020-02-11;0.8925;1.3611;0.1908;1.4510;1.7215;0.01210;0.07118;0.8510;0.1379;1.3292
2020-02-12;0.8934;1.3565;0.1901;1.4431;1.7187;0.01205;0.07115;0.8573;0.1376;1.3254
2020-02-13;0.8920;1.3542;0.1900;1.4378;1.7296;0.01207;0.07114;0.8546;0.1371;1.3256
2020-02-14;0.8897;1.3501;0.1896;1.4368;1.7264;0.01207;0.07135;0.8525;0.1365;1.3249
2020-02-18;0.8867;1.3496;0.1895;1.4326;1.7253;0.01207;0.07127;0.8471;0.1357;1.3258
2020-02-19;0.8832;1.3447;0.1891;1.4282;1.7119;0.01191;0.07118;0.8442;0.1350;1.3231
2020-02-20;0.8773;1.3480;0.1887;1.4312;1.7066;0.01183;0.07052;0.8399;0.1350;1.3254
2020-02-21;0.8759;1.3510;0.1882;1.4341;1.7138;0.01184;0.06992;0.8387;0.1359;1.3224
2020-02-24;0.8775;1.3576;0.1889;1.4407;1.7159;0.01199;0.06949;0.8420;0.1363;1.3279
2020-02-25;0.8763;1.3601;0.1894;1.4431;1.7261;0.01205;0.06958;0.8399;0.1365;1.3281
2020-02-26;0.8730;1.3628;0.1895;1.4476;1.7191;0.01205;0.06938;0.8383;0.1367;1.3307
2020-02-27;0.8793;1.3772;0.1907;1.4672;1.7216;0.01215;0.06887;0.8445;0.1384;1.3361
2020-02-28;0.8728;1.3890;0.1921;1.4766;1.7190;0.01241;0.06795;0.8373;0.1385;1.3429
2020-03-02;0.8727;1.3954;0.1919;1.4890;1.7069;0.01239;0.06799;0.8359;0.1401;1.3356
2020-03-03;0.8818;1.3966;0.1918;1.4912;1.7112;0.01244;0.06894;0.8406;0.1413;1.3363
2020-03-04;0.8860;1.4002;0.1933;1.4902;1.7192;0.01247;0.06880;0.8419;0.1411;1.3392
2020-03-05;0.8850;1.4126;0.1934;1.5021;1.7348;0.01259;0.06766;0.8448;0.1419;1.3415
2020-03-06;0.8902;1.4333;0.1936;1.5187;1.7466;0.01274;0.06649;0.8530;0.1433;1.3421
2020-03-09;0.9004;1.4678;0.1957;1.5559;1.7835;0.01330;0.06422;0.8667;0.1446;1.3598
2020-03-10;0.8941;1.4693;0.1974;1.5571;1.7802;0.01315;0.06576;0.8629;0.1444;1.3731
2020-03-11;0.8956;1.4668;0.1976;1.5531;1.7719;0.01313;0.06485;0.8667;0.1448;1.3745
2020-03-12;0.8752;1.4614;0.1967;1.5440;1.7426;0.01316;0.06269;0.8511;0.1421;1.3820
2020-03-13;0.8642;1.4586;0.1985;1.5430;1.7260;0.01294;0.06380;0.8465;0.1426;1.3901
2020-03-16;0.8564;1.4754;0.1994;1.5574;1.7124;0.01319;0.06142;0.8468;0.1431;1.3964
2020-03-17;0.8496;1.4739;0.2022;1.5574;1.7116;0.01321;0.06163;0.8439;0.1427;1.4175
2020-03-18;0.8453;1.4962;0.2058;1.5772;1.6991;0.01342;0.06063;0.8398;0.1421;1.4496
2020-03-19;0.8424;1.4767;0.2039;1.5555;1.6845;0.01316;0.05982;0.8355;0.1399;1.4495
2020-03-20;0.8374;1.4545;0.2021;1.5327;1.6810;0.01292;0.05958;0.8223;0.1387;1.4332
2020-03-23;0.8394;1.4743;0.2043;1.5584;1.6733;0.01305;0.05799;0.8255;0.1409;1.4482
2020-03-24;0.8573;1.4771;0.2052;1.5634;1.7017;0.01302;0.05796;0.8387;0.1420;1.4491
2020-03-25;0.8542;1.4605;0.2011;1.5495;1.6883;0.01284;0.05881;0.8340;0.1412;1.4302
2020-03-26;0.8508;1.4571;0.1990;1.5487;1.7009;0.01285;0.06017;0.8361;0.1412;1.4077
2020-03-27;0.8589;1.4666;0.1981;1.5525;1.7353;0.01299;0.06000;0.8424;0.1411;1.4056
2020-03-30;0.8710;1.4762;0.1994;1.5613;1.7548;0.01311;0.05852;0.8499;0.1410;1.4156
2020-03-31;0.8676;1.4707;0.2002;1.5584;1.7604;0.01314;0.06003;0.8432;0.1421;1.4187
2020-04-01;0.8640;1.4698;0.2002;1.5538;1.7622;0.01326;0.05837;0.8413;0.1416;1.4217
2020-04-02;0.8569;1.4584;0.2001;1.5396;1.7562;0.01317;0.05850;0.8377;0.1402;1.4179
2020-04-03;0.8487;1.4465;0.1994;1.5267;1.7331;0.01304;0.05726;0.8286;0.1389;1.4142
2020-04-06;0.8598;1.4445;0.1992;1.5251;1.7363;0.01295;0.05698;0.8391;0.1393;1.4127
2020-04-07;0.8662;1.4417;0.1984;1.5245;1.7263;0.01284;0.05811;0.8379;0.1398;1.3986
2020-04-08;0.8722;1.4455;0.1986;1.5254;1.7389;0.01290;0.05818;0.8430;0.1395;1.4034
2020-04-09;0.8817;1.4461;0.1985;1.5277;1.7419;0.01289;0.05924;0.8473;0.1402;1.3985
2020-04-13;0.8891;1.4410;0.1976;1.5209;1.7433;0.01294;0.05882;0.8485;0.1395;1.3936
2020-04-14;0.8922;1.4469;0.1972;1.5253;1.7524;0.01297;0.05907;0.8463;0.1395;1.3904
2020-04-15;0.8903;1.4589;0.1993;1.5360;1.7624;0.01310;0.05861;0.8436;0.1404;1.4086
2020-04-16;0.8904;1.4584;0.1995;1.5331;1.7597;0.01312;0.05837;0.8413;0.1408;1.4122
2020-04-17;0.8925;1.4513;0.1985;1.5262;1.7539;0.01305;0.05875;0.8466;0.1405;1.4037
2020-04-20;0.8971;1.4557;0.1991;1.5308;1.7539;0.01308;0.05856;0.8537;0.1407;1.4086
2020-04-21;0.8925;1.4646;0.2002;1.5412;1.7451;0.01319;0.05825;0.8468;0.1406;1.4203
2020-04-22;0.8943;1.4578;0.1998;1.5335;1.7450;0.01313;0.05773;0.8430;0.1402;1.4155
2020-04-23;0.8973;1.4433;0.1989;1.5185;1.7377;0.01307;0.05714;0.8463;0.1397;1.4063
2020-04-24;0.8984;1.4452;0.1990;1.5215;1.7393;0.01311;0.05653;0.8458;0.1399;1.4090
2020-04-27;0.9078;1.4409;0.1983;1.5227;1.7452;0.01311;0.05658;0.8508;0.1401;1.4053
2020-04-28;0.9082;1.4353;0.1975;1.5159;1.7400;0.01309;0.05738;0.8471;0.1415;1.3978
2020-04-29;0.9095;1.4287;0.1967;1.5117;1.7315;0.01305;0.05805;0.8501;0.1410;1.3922
2020-04-30;0.9075;1.4369;0.1970;1.5186;1.7476;0.01301;0.05809;0.8542;0.1422;1.3910
2020-05-01;0.9042;1.4635;0.1992;1.5453;1.7602;0.01317;0.05716;0.8521;0.1432;1.4066
2020-05-04;0.9035;1.4591;0.1994;1.5371;1.7511;0.01318;0.05784;0.8497;0.1426;1.4085
2020-05-05;0.9054;1.4442;0.1987;1.5225;1.7472;0.01317;0.05874;0.8508;0.1427;1.4032
2020-05-06;0.9075;1.4493;0.1988;1.5264;1.7458;0.01331;0.05822;0.8518;0.1435;1.4124
2020-05-07;0.9074;1.4371;0.1978;1.5141;1.7290;0.01317;0.05822;0.8500;0.1426;1.4015
2020-05-08;0.9096;1.4352;0.1970;1.5109;1.7291;0.01307;0.05872;0.8547;0.1426;1.3934
2020-05-11;0.9084;1.4410;0.1974;1.5156;1.7282;0.01302;0.05866;0.8514;0.1423;1.4012
2020-05-12;0.9117;1.4472;0.1979;1.5221;1.7253;0.01306;0.05828;0.8551;0.1438;1.4015
2020-05-13;0.9102;1.4501;0.1985;1.5255;1.7237;0.01315;0.05809;0.8456;0.1438;1.4073
2020-05-14;0.9056;1.4471;0.1985;1.5206;1.7186;0.01315;0.05827;0.8417;0.1430;1.4090
2020-05-15;0.9051;1.4497;0.1984;1.5248;1.7105;0.01315;0.05881;0.8375;0.1430;1.4094
2020-05-19;0.9110;1.4302;0.1956;1.5196;1.7025;0.01288;0.05893;0.8470;0.1438;1.3893
2020-05-20;0.9158;1.4395;0.1958;1.5254;1.7019;0.01292;0.05973;0.8533;0.1448;1.3892
2020-05-21;0.9158;1.4374;0.1959;1.5281;1.7043;0.01294;0.06075;0.8530;0.1450;1.3935
2020-05-22;0.9147;1.4418;0.1965;1.5272;1.7067;0.01303;0.06136;0.8536;0.1448;1.4015
2020-05-25;0.9152;1.4399;0.1960;1.5240;1.7050;0.01298;0.06189;0.8530;0.1445;1.3984
2020-05-26;0.9180;1.4287;0.1935;1.5154;1.7033;0.01283;0.06208;0.8570;0.1434;1.3804
2020-05-27;0.9098;1.4219;0.1922;1.5144;1.6882;0.01279;0.06166;0.8510;0.1432;1.3780
2020-05-28;0.9155;1.4253;0.1926;1.5224;1.6951;0.01278;0.06197;0.8554;0.1445;1.3764
2020-05-29;0.9164;1.4329;0.1932;1.5314;1.7003;0.01281;0.06215;0.8544;0.1462;1.3787
2020-06-01;0.9229;1.4175;0.1911;1.5162;1.6978;0.01266;0.06184;0.8549;0.1452;1.3630
2020-06-02;0.9292;1.4048;0.1903;1.5101;1.6954;0.01245;0.06214;0.8578;0.1446;1.3515
2020-06-03;0.9349;1.4032;0.1898;1.5161;1.6995;0.01241;0.06236;0.8672;0.1454;1.3504
2020-06-04;0.9368;1.4120;0.1899;1.5279;1.7003;0.01240;0.06176;0.8705;0.1467;1.3508
2020-06-05;0.9364;1.3951;0.1895;1.5174;1.7031;0.01225;0.06213;0.8737;0.1462;1.3429
2020-06-08;0.9365;1.3975;0.1892;1.5121;1.6990;0.01232;0.06192;0.8756;0.1454;1.3383
2020-06-09;0.9339;1.4122;0.1896;1.5216;1.7072;0.01245;0.06163;0.8744;0.1461;1.3423
2020-06-10;0.9387;1.4168;0.1896;1.5225;1.7093;0.01248;0.06123;0.8765;0.1454;1.3390
2020-06-11;0.9328;1.4404;0.1918;1.5384;1.7118;0.01269;0.06022;0.8749;0.1463;1.3553
2020-06-12;0.9318;1.4297;0.1920;1.5309;1.7043;0.01266;0.06079;0.8745;0.1456;1.3596
2020-06-15;0.9343;1.4332;0.1918;1.5348;1.7091;0.01267;0.06060;0.8778;0.1458;1.3604
2020-06-16;0.9354;1.4278;0.1914;1.5279;1.7084;0.01263;0.06120;0.8752;0.1450;1.3558
2020-06-17;0.9351;1.4267;0.1913;1.5223;1.7001;0.01264;0.06085;0.8761;0.1450;1.3555
2020-06-18;0.9311;1.4287;0.1917;1.5238;1.6889;0.01272;0.06007;0.8741;0.1443;1.3589
2020-06-19;0.9326;1.4287;0.1921;1.5221;1.6807;0.01271;0.06011;0.8732;0.1439;1.3587
2020-06-22;0.9351;1.4284;0.1916;1.5236;1.6857;0.01267;0.06038;0.8779;0.1444;1.3545
2020-06-23;0.9395;1.4314;0.1914;1.5303;1.6912;0.01270;0.06038;0.8800;0.1456;1.3516
2020-06-24;0.9359;1.4346;0.1920;1.5316;1.6918;0.01272;0.06000;0.8725;0.1457;1.3591
2020-06-25;0.9377;1.4382;0.1928;1.5308;1.6938;0.01273;0.05986;0.8767;0.1462;1.3645
2020-06-26;0.9386;1.4428;0.1932;1.5345;1.6888;0.01276;0.05964;0.8784;0.1464;1.3676
2020-06-29;0.9382;1.4405;0.1933;1.5389;1.6815;0.01271;0.05920;0.8777;0.1469;1.3682
2020-06-30;0.9382;1.4376;0.1928;1.5305;1.6832;0.01264;0.05905;0.8771;0.1462;1.3628
2020-07-02;0.9407;1.4373;0.1922;1.5279;1.6952;0.01263;0.06038;0.8851;0.1459;1.3586
2020-07-03;0.9415;1.4348;0.1920;1.5247;1.6910;0.01262;0.06049;0.8860;0.1456;1.3565
2020-07-06;0.9448;1.4397;0.1929;1.5326;1.6925;0.01260;0.06077;0.8873;0.1463;1.3543
2020-07-07;0.9455;1.4422;0.1936;1.5337;1.7058;0.01263;0.06002;0.8906;0.1470;1.3583
2020-07-08;0.9433;1.4421;0.1932;1.5332;1.7044;0.01261;0.05943;0.8887;0.1473;1.3538
2020-07-09;0.9445;1.4430;0.1939;1.5328;1.7118;0.01264;0.05986;0.8910;0.1473;1.3555
2020-07-10;0.9450;1.4450;0.1942;1.5367;1.7173;0.01272;0.06026;0.8937;0.1479;1.3594
2020-07-13;0.9462;1.4411;0.1939;1.5407;1.7098;0.01265;0.06029;0.8918;0.1483;1.3567
2020-07-14;0.9482;1.4499;0.1942;1.5513;1.7072;0.01270;0.06030;0.8888;0.1494;1.3616
2020-07-15;0.9488;1.4341;0.1937;1.5453;1.7056;0.01266;0.06059;0.8894;0.1493;1.3534
2020-07-16;0.9463;1.4340;0.1937;1.5450;1.7031;0.01263;0.06058;0.8868;0.1494;1.3543
2020-07-17;0.9490;1.4451;0.1941;1.5520;1.7033;0.01268;0.06034;0.8892;0.1502;1.3574
2020-07-20;0.9488;1.4418;0.1939;1.5488;1.7127;0.01263;0.05998;0.8894;0.1507;1.3543
2020-07-21;0.9564;1.4379;0.1926;1.5452;1.7121;0.01258;0.06022;0.8916;0.1511;1.3446
2020-07-22;0.9592;1.4431;0.1918;1.5540;1.7078;0.01252;0.06019;0.8948;0.1514;1.3420
2020-07-23;0.9526;1.4460;0.1912;1.5526;1.7045;0.01252;0.05969;0.8896;0.1511;1.3392
2020-07-24;0.9519;1.4543;0.1913;1.5608;1.7153;0.01267;0.05999;0.8902;0.1517;1.3421
2020-07-27;0.9549;1.4530;0.1911;1.5723;1.7220;0.01270;0.06073;0.8939;0.1531;1.3378
2020-07-28;0.9569;1.4580;0.1910;1.5682;1.7288;0.01272;0.06087;0.8902;0.1526;1.3373
2020-07-29;0.9586;1.4604;0.1908;1.5721;1.7340;0.01272;0.06081;0.8895;0.1527;1.3360
2020-07-30;0.9608;1.4735;0.1917;1.5851;1.7537;0.01279;0.06068;0.8932;0.1537;1.3432
2020-07-31;0.9596;1.4697;0.1922;1.5831;1.7591;0.01269;0.06035;0.8908;0.1533;1.3404
2020-08-04;0.9554;1.4609;0.1917;1.5732;1.7442;0.01263;0.05866;0.8835;0.1528;1.3372
2020-08-05;0.9565;1.4621;0.1912;1.5751;1.7417;0.01257;0.05916;0.8826;0.1530;1.3262
2020-08-06;0.9596;1.4604;0.1912;1.5764;1.7481;0.01260;0.05937;0.8858;0.1529;1.3292
2020-08-07;0.9590;1.4639;0.1920;1.5765;1.7459;0.01264;0.05959;0.8844;0.1529;1.3377
2020-08-10;0.9561;1.4588;0.1918;1.5701;1.7462;0.01261;0.05950;0.8805;0.1528;1.3354
2020-08-11;0.9520;1.4523;0.1913;1.5640;1.7396;0.01249;0.05950;0.8759;0.1520;1.3291
2020-08-12;0.9492;1.4539;0.1910;1.5626;1.7278;0.01240;0.05932;0.8720;0.1525;1.3254
2020-08-13;0.9463;1.4523;0.1903;1.5628;1.7290;0.01236;0.05937;0.8667;0.1522;1.3217
2020-08-14;0.9495;1.4569;0.1906;1.5678;1.7363;0.01244;0.06011;0.8676;0.1524;1.3250
2020-08-17;0.9519;1.4569;0.1905;1.5671;1.7299;0.01245;0.05985;0.8640;0.1519;1.3207
2020-08-18;0.9536;1.4583;0.1903;1.5718;1.7418;0.01249;0.05951;0.8681;0.1523;1.3170
2020-08-19;0.9526;1.4461;0.1904;1.5668;1.7349;0.01246;0.05967;0.8706;0.1520;1.3171
2020-08-20;0.9463;1.4510;0.1908;1.5633;1.7373;0.01246;0.05947;0.8595;0.1512;1.3195
2020-08-21;0.9448;1.4468;0.1908;1.5552;1.7286;0.01247;0.05993;0.8623;0.1500;1.3205
2020-08-24;0.9476;1.4507;0.1909;1.5599;1.7275;0.01247;0.06011;0.8638;0.1504;1.3207
2020-08-25;0.9474;1.4517;0.1909;1.5598;1.7331;0.01240;0.06009;0.8627;0.1505;1.3194
2020-08-26;0.9502;1.4474;0.1910;1.5544;1.7349;0.01240;0.05998;0.8675;0.1506;1.3155
2020-08-27;0.9520;1.4443;0.1905;1.5512;1.7335;0.01234;0.05949;0.8708;0.1504;1.3129
2020-08-28;0.9622;1.4477;0.1908;1.5576;1.7449;0.01243;0.05994;0.8814;0.1516;1.3097
2020-08-31;0.9625;1.4451;0.1905;1.5573;1.7422;0.01231;0.05959;0.8795;0.1511;1.3042
2020-09-01;0.9628;1.4373;0.1912;1.5592;1.7513;0.01232;0.06001;0.8824;0.1506;1.3055
2020-09-02;0.9567;1.4332;0.1912;1.5470;1.7409;0.01230;0.05993;0.8830;0.1498;1.3067
2020-09-03;0.9556;1.4419;0.1918;1.5537;1.7416;0.01236;0.06054;0.8810;0.1501;1.3123
2020-09-04;0.9514;1.4325;0.1913;1.5478;1.7331;0.01231;0.06068;0.8779;0.1494;1.3089
2020-09-08;0.9541;1.4383;0.1927;1.5552;1.7180;0.01245;0.06066;0.8753;0.1498;1.3191
2020-09-09;0.9578;1.4415;0.1927;1.5552;1.7110;0.01240;0.06122;0.8791;0.1503;1.3173
2020-09-10;0.9588;1.4495;0.1926;1.5617;1.6936;0.01240;0.06170;0.8782;0.1506;1.3162
2020-09-11;0.9601;1.4502;0.1929;1.5612;1.6874;0.01242;0.06190;0.8791;0.1502;1.3186
2020-09-14;0.9605;1.4523;0.1934;1.5641;1.6961;0.01246;0.06241;0.8837;0.1502;1.3175
2020-09-15;0.9632;1.4514;0.1943;1.5622;1.6976;0.01250;0.06256;0.8851;0.1500;1.3176
2020-09-16;0.9642;1.4500;0.1949;1.5583;1.7089;0.01255;0.06261;0.8878;0.1498;1.3168
2020-09-17;0.9630;1.4509;0.1951;1.5603;1.7073;0.01261;0.06292;0.8890;0.1499;1.3200
2020-09-18;0.9630;1.4492;0.1948;1.5628;1.7071;0.01263;0.06281;0.8929;0.1504;1.3186
2020-09-21;0.9596;1.4522;0.1954;1.5624;1.7026;0.01271;0.06189;0.8865;0.1500;1.3293
2020-09-22;0.9561;1.4490;0.1964;1.5599;1.6969;0.01269;0.06169;0.8843;0.1496;1.3310
2020-09-23;0.9481;1.4474;0.1962;1.5599;1.7020;0.01268;0.06030;0.8774;0.1489;1.3358
2020-09-24;0.9419;1.4439;0.1958;1.5591;1.7046;0.01269;0.05996;0.8744;0.1468;1.3374
2020-09-25;0.9408;1.4422;0.1963;1.5575;1.7038;0.01269;0.05985;0.8767;0.1467;1.3396
2020-09-28;0.9451;1.4451;0.1964;1.5602;1.7198;0.01268;0.05959;0.8768;0.1478;1.3378
2020-09-29;0.9539;1.4546;0.1965;1.5705;1.7214;0.01267;0.05989;0.8824;0.1491;1.3391
2020-09-30;0.9545;1.4481;0.1963;1.5631;1.7199;0.01264;0.06021;0.8811;0.1486;1.3339
2020-10-01;0.9553;1.4472;0.1957;1.5612;1.7143;0.01259;0.06066;0.8835;0.1489;1.3292
2020-10-02;0.9528;1.4460;0.1960;1.5593;1.7214;0.01264;0.06123;0.8825;0.1492;1.3310
2020-10-05;0.9530;1.4491;0.1954;1.5631;1.7216;0.01256;0.06197;0.8813;0.1492;1.3269
2020-10-06;0.9492;1.4505;0.1954;1.5637;1.7182;0.01257;0.06181;0.8807;0.1489;1.3272
2020-10-07;0.9479;1.4481;0.1955;1.5623;1.7128;0.01253;0.06180;0.8747;0.1493;1.3275
2020-10-08;0.9466;1.4403;0.1947;1.5537;1.7093;0.01247;0.06172;0.8698;0.1490;1.3220
2020-10-09;0.9493;1.4420;0.1962;1.5524;1.7082;0.01243;0.06198;0.8742;0.1493;1.3136
2020-10-13;0.9408;1.4372;0.1947;1.5432;1.7030;0.01244;0.06151;0.8726;0.1491;1.3133
2020-10-14;0.9425;1.4393;0.1956;1.5447;1.7119;0.01250;0.06165;0.8754;0.1490;1.3139
2020-10-15;0.9368;1.4468;0.1967;1.5479;1.7085;0.01256;0.06190;0.8718;0.1492;1.3230
2020-10-16;0.9346;1.4425;0.1970;1.5465;1.7044;0.01252;0.06233;0.8718;0.1492;1.3192
2020-10-19;0.9331;1.4472;0.1970;1.5510;1.7093;0.01249;0.06223;0.8726;0.1495;1.3165
2020-10-20;0.9263;1.4484;0.1967;1.5536;1.7005;0.01244;0.06223;0.8644;0.1500;1.3138
2020-10-21;0.9341;1.4512;0.1973;1.5571;1.7241;0.01255;0.06229;0.8741;0.1504;1.3122
2020-10-22;0.9345;1.4488;0.1966;1.5538;1.7203;0.01254;0.06248;0.8771;0.1498;1.3142
2020-10-23;0.9363;1.4520;0.1966;1.5568;1.7142;0.01254;0.06290;0.8777;0.1500;1.3140
2020-10-26;0.9402;1.4550;0.1967;1.5598;1.7188;0.01258;0.06288;0.8823;0.1509;1.3201
2020-10-27;0.9395;1.4513;0.1963;1.5568;1.7184;0.01260;0.06302;0.8837;0.1511;1.3164
2020-10-28;0.9388;1.4609;0.1977;1.5619;1.7261;0.01275;0.06268;0.8845;0.1504;1.3302
2020-10-29;0.9376;1.4585;0.1988;1.5586;1.7250;0.01277;0.06248;0.8836;0.1496;1.3349
2020-10-30;0.9371;1.4537;0.1991;1.5533;1.7254;0.01273;0.06267;0.8827;0.1498;1.3318
2020-11-02;0.9339;1.4414;0.1981;1.5421;1.7111;0.01265;0.06194;0.8782;0.1486;1.3257
2020-11-03;0.9396;1.4392;0.1968;1.5396;1.7131;0.01257;0.06204;0.8794;0.1485;1.3145
2020-11-04;0.9420;1.4404;0.1974;1.5391;1.7070;0.01258;0.06246;0.8782;0.1493;1.3138
2020-11-05;0.9477;1.4407;0.1975;1.5428;1.7101;0.01259;0.06294;0.8824;0.1500;1.3051
2020-11-06;0.9474;1.4497;0.1972;1.5490;1.7144;0.01262;0.06319;0.8841;0.1509;1.3039
2020-11-09;0.9462;1.4236;0.1958;1.5357;1.7063;0.01231;0.06391;0.8850;0.1506;1.2970
2020-11-10;0.9468;1.4232;0.1967;1.5380;1.7241;0.01236;0.06386;0.8879;0.1511;1.3017
2020-11-12;0.9516;1.4347;0.1984;1.5491;1.7236;0.01248;0.06384;0.9003;0.1520;1.3123
2020-11-13;0.9542;1.4393;0.1990;1.5548;1.7320;0.01256;0.06426;0.8991;0.1513;1.3147
2020-11-16;0.9565;1.4334;0.1987;1.5489;1.7258;0.01251;0.06444;0.9014;0.1514;1.3085
2020-11-17;0.9563;1.4381;0.1997;1.5541;1.7353;0.01257;0.06440;0.9021;0.1519;1.3094
2020-11-18;0.9557;1.4347;0.1991;1.5500;1.7355;0.01258;0.06452;0.9051;0.1520;1.3063
2020-11-19;0.9518;1.4347;0.1987;1.5499;1.7315;0.01259;0.06475;0.9034;0.1517;1.3083
2020-11-20;0.9556;1.4345;0.1991;1.5503;1.7360;0.01259;0.06500;0.9075;0.1517;1.3071
2020-11-23;0.9540;1.4349;0.1987;1.5501;1.7438;0.01255;0.06507;0.9063;0.1516;1.3082
2020-11-24;0.9572;1.4289;0.1978;1.5473;1.7388;0.01246;0.06500;0.9084;0.1520;1.3033
2020-11-25;0.9564;1.4302;0.1977;1.5487;1.7386;0.01246;0.06494;0.9104;0.1527;1.3003
2020-11-26;0.9579;1.4345;0.1979;1.5494;1.7365;0.01248;0.06492;0.9110;0.1525;1.3013
2020-11-27;0.9592;1.4341;0.1974;1.5516;1.7298;0.01248;0.06472;0.9126;0.1527;1.2985
2020-11-30;0.9544;1.4316;0.1971;1.5509;1.7306;0.01243;0.06441;0.9112;0.1520;1.2965
2020-12-01;0.9533;1.4363;0.1971;1.5578;1.7345;0.01241;0.06460;0.9138;0.1522;1.2952
2020-12-02;0.9553;1.4434;0.1971;1.5635;1.7255;0.01237;0.06448;0.9120;0.1522;1.2934
2020-12-03;0.9583;1.4453;0.1968;1.5649;1.7350;0.01240;0.06473;0.9122;0.1524;1.2880
2020-12-04;0.9516;1.4378;0.1960;1.5548;1.7250;0.01230;0.06471;0.9018;0.1516;1.2801
2020-12-07;0.9517;1.4389;0.1960;1.5530;1.7080;0.01231;0.06453;0.9025;0.1525;1.2801
2020-12-08;0.9493;1.4407;0.1961;1.5513;1.7099;0.01230;0.06477;0.9021;0.1513;1.2808
2020-12-09;0.9541;1.4389;0.1957;1.5472;1.7158;0.01228;0.06451;0.9016;0.1507;1.2803
2020-12-10;0.9576;1.4350;0.1946;1.5442;1.6925;0.01221;0.06376;0.9010;0.1508;1.2734
2020-12-11;0.9621;1.4353;0.1951;1.5472;1.6867;0.01228;0.06349;0.9045;0.1508;1.2769
2020-12-14;0.9631;1.4387;0.1948;1.5501;1.7027;0.01227;0.06329;0.9050;0.1519;1.2757
2020-12-15;0.9605;1.4352;0.1945;1.5460;1.7062;0.01226;0.06344;0.9011;0.1517;1.2722
2020-12-16;0.9645;1.4394;0.1952;1.5532;1.7211;0.01231;0.06401;0.9034;0.1525;1.2753
2020-12-17;0.9696;1.4383;0.1947;1.5589;1.7292;0.01234;0.06419;0.9099;0.1538;1.2718
2020-12-18;0.9724;1.4436;0.1954;1.5638;1.7249;0.01236;0.06412;0.9103;0.1543;1.2775
2020-12-21;0.9718;1.4500;0.1962;1.5707;1.7167;0.01242;0.06397;0.9093;0.1554;1.2849
2020-12-22;0.9724;1.4530;0.1973;1.5730;1.7248;0.01246;0.06427;0.9095;0.1551;1.2908
2020-12-23;0.9740;1.4463;0.1966;1.5669;1.7348;0.01242;0.06401;0.9117;0.1550;1.2856
2020-12-24;0.9753;1.4407;0.1965;1.5644;1.7412;0.01238;0.06451;0.9121;0.1553;1.2835
2020-12-29;0.9748;1.4475;0.1961;1.5688;1.7284;0.01236;0.06424;0.9161;0.1561;1.2806
2020-12-30;0.9803;1.4463;0.1957;1.5691;1.7373;0.01237;0.06411;0.9196;0.1558;1.2769
2020-12-31;0.9835;1.4441;0.1949;1.5608;1.7381;0.01235;0.06404;0.9192;0.1555;1.2732
2021-01-04;0.9793;1.4478;0.1973;1.5641;1.7316;0.01237;0.06422;0.9160;0.1549;1.2751
2021-01-05;0.9837;1.4457;0.1968;1.5611;1.7294;0.01237;0.06371;0.9192;0.1551;1.2707
2021-01-06;0.9879;1.4419;0.1963;1.5614;1.7246;0.01229;0.06440;0.9238;0.1551;1.2685
2021-01-07;0.9849;1.4368;0.1963;1.5589;1.7241;0.01224;0.06375;0.9211;0.1550;1.2707
2021-01-08;0.9864;1.4352;0.1963;1.5545;1.7251;0.01223;0.06352;0.9201;0.1546;1.2705
2021-01-11;0.9847;1.4367;0.1973;1.5549;1.7268;0.01227;0.06361;0.9174;0.1542;1.2788
2021-01-12;0.9859;1.4341;0.1972;1.5514;1.7367;0.01225;0.06399;0.9162;0.1539;1.2746
2021-01-13;0.9838;1.4320;0.1965;1.5459;1.7342;0.01224;0.06417;0.9133;0.1524;1.2710
2021-01-14;0.9836;1.4242;0.1955;1.5365;1.7296;0.01218;0.06401;0.9125;0.1520;1.2654
2021-01-15;0.9818;1.4303;0.1964;1.5393;1.7304;0.01226;0.06430;0.9099;0.1518;1.2727
2021-01-18;0.9804;1.4324;0.1966;1.5408;1.7321;0.01231;0.06457;0.9075;0.1520;1.2762
2021-01-19;0.9808;1.4335;0.1965;1.5443;1.7346;0.01226;0.06477;0.9061;0.1526;1.2735
2021-01-20;0.9795;1.4217;0.1957;1.5319;1.7276;0.01221;0.06458;0.9057;0.1514;1.2656
2021-01-21;0.9798;1.4252;0.1954;1.5347;1.7325;0.01220;0.06406;0.9088;0.1523;1.2627
2021-01-22;0.9812;1.4358;0.1962;1.5475;1.7383;0.01225;0.06376;0.9128;0.1534;1.2716
2021-01-25;0.9822;1.4344;0.1966;1.5463;1.7413;0.01227;0.06334;0.9166;0.1536;1.2738
2021-01-26;0.9836;1.4316;0.1965;1.5446;1.7436;0.01225;0.06348;0.9195;0.1531;1.2702
2021-01-27;0.9813;1.4370;0.1971;1.5460;1.7499;0.01228;0.06319;0.9172;0.1529;1.2775
2021-01-28;0.9824;1.4420;0.1985;1.5535;1.7573;0.01228;0.06321;0.9183;0.1537;1.2810
2021-01-29;0.9793;1.4364;0.1988;1.5513;1.7534;0.01221;0.06297;0.9198;0.1532;1.2780
2021-02-01;0.9782;1.4313;0.1983;1.5487;1.7539;0.01222;0.06295;0.9189;0.1523;1.2824
2021-02-02;0.9727;1.4266;0.1985;1.5416;1.7493;0.01220;0.06351;0.9171;0.1522;1.2818
2021-02-03;0.9739;1.4215;0.1979;1.5368;1.7444;0.01217;0.06329;0.9201;0.1519;1.2783
2021-02-04;0.9752;1.4199;0.1983;1.5358;1.7532;0.01217;0.06289;0.9190;0.1516;1.2828
2021-02-05;0.9781;1.4193;0.1976;1.5370;1.7535;0.01212;0.06339;0.9189;0.1523;1.2777
2021-02-08;0.9814;1.4184;0.1977;1.5363;1.7510;0.01211;0.06332;0.9203;0.1519;1.2753
2021-02-09;0.9825;1.4241;0.1976;1.5395;1.7545;0.01216;0.06327;0.9199;0.1526;1.2719
2021-02-10;0.9813;1.4257;0.1966;1.5392;1.7568;0.01212;0.06328;0.9159;0.1527;1.2689
2021-02-11;0.9841;1.4249;0.1964;1.5392;1.7530;0.01211;0.06360;0.9176;0.1525;1.2686
2021-02-12;0.9848;1.4248;0.1968;1.5396;1.7590;0.01211;0.06360;0.9164;0.1528;1.2711
2021-02-16;0.9844;1.4221;0.1964;1.5363;1.7635;0.01199;0.06284;0.9149;0.1530;1.2684
2021-02-17;0.9841;1.4152;0.1968;1.5305;1.7612;0.01200;0.06281;0.9124;0.1525;1.2712
2021-02-18;0.9853;1.4160;0.1958;1.5338;1.7726;0.01201;0.06235;0.9149;0.1526;1.2696
2021-02-19;0.9919;1.4082;0.1954;1.5293;1.7680;0.01195;0.06171;0.9204;0.1523;1.2614
2021-02-22;0.9978;1.4077;0.1951;1.5330;1.7736;0.01200;0.06089;0.9245;0.1526;1.2613
2021-02-23;0.9964;1.3966;0.1949;1.5312;1.7764;0.01197;0.06119;0.9242;0.1520;1.2603
2021-02-24;0.9950;1.3822;0.1944;1.5234;1.7708;0.01184;0.06139;0.9280;0.1511;1.2548
2021-02-25;0.9946;1.3849;0.1941;1.5299;1.7661;0.01180;0.06023;0.9294;0.1517;1.2530
2021-02-26;0.9815;1.3970;0.1960;1.5348;1.7692;0.01191;0.06065;0.9213;0.1509;1.2685
2021-03-01;0.9834;1.3843;0.1958;1.5253;1.7635;0.01186;0.06132;0.9199;0.1500;1.2661
2021-03-02;0.9868;1.3793;0.1951;1.5234;1.7611;0.01182;0.06115;0.9195;0.1503;1.2626
2021-03-03;0.9846;1.3755;0.1953;1.5240;1.7636;0.01181;0.06047;0.9167;0.1502;1.2631
2021-03-04;0.9814;1.3638;0.1953;1.5179;1.7624;0.01174;0.06037;0.9135;0.1494;1.2637
2021-03-05;0.9727;1.3623;0.1950;1.5098;1.7520;0.01170;0.05953;0.9062;0.1484;1.2668
2021-03-08;0.9706;1.3542;0.1940;1.5017;1.7510;0.01163;0.05901;0.9034;0.1477;1.2660
2021-03-09;0.9738;1.3594;0.1942;1.5028;1.7556;0.01163;0.05949;0.9050;0.1484;1.2635
2021-03-10;0.9761;1.3585;0.1942;1.5049;1.7577;0.01165;0.06022;0.9076;0.1487;1.2637
2021-03-11;0.9765;1.3579;0.1935;1.5033;1.7551;0.01158;0.06070;0.9067;0.1484;1.2561
2021-03-12;0.9688;1.3440;0.1920;1.4919;1.7373;0.01146;0.06019;0.8964;0.1471;1.2493
2021-03-15;0.9658;1.3441;0.1920;1.4883;1.7342;0.01143;0.06032;0.8974;0.1463;1.2480
2021-03-16;0.9649;1.3455;0.1915;1.4831;1.7298;0.01143;0.06051;0.8959;0.1464;1.2455
2021-03-17;0.9636;1.3448;0.1917;1.4858;1.7324;0.01142;0.06039;0.8948;0.1466;1.2465
2021-03-18;0.9694;1.3419;0.1915;1.4853;1.7355;0.01142;0.06091;0.8955;0.1463;1.2458
2021-03-19;0.9686;1.3448;0.1921;1.4880;1.7344;0.01148;0.06116;0.8960;0.1463;1.2506
2021-03-22;0.9693;1.3542;0.1923;1.4930;1.7334;0.01150;0.06071;0.8978;0.1470;1.2513
2021-03-23;0.9630;1.3469;0.1928;1.4908;1.7308;0.01156;0.06074;0.8819;0.1465;1.2562
2021-03-24;0.9563;1.3426;0.1925;1.4856;1.7223;0.01155;0.06038;0.8766;0.1461;1.2562
2021-03-25;0.9560;1.3439;0.1926;1.4858;1.7304;0.01155;0.06065;0.8771;0.1457;1.2606
2021-03-26;0.9592;1.3384;0.1923;1.4831;1.7345;0.01147;0.06110;0.8794;0.1455;1.2580
2021-03-29;0.9620;1.3415;0.1917;1.4830;1.7367;0.01148;0.06096;0.8821;0.1449;1.2594
2021-03-30;0.9602;1.3403;0.1922;1.4808;1.7337;0.01145;0.06132;0.8819;0.1445;1.2631
2021-03-31;0.9572;1.3334;0.1919;1.4759;1.7337;0.01136;0.06148;0.8798;0.1442;1.2575
2021-04-01;0.9555;1.3329;0.1913;1.4781;1.7364;0.01136;0.06183;0.8810;0.1441;1.2565
2021-04-05;0.9580;1.3362;0.1907;1.4783;1.7405;0.01137;0.06175;0.8844;0.1438;1.2525
2021-04-06;0.9610;1.3457;0.1920;1.4879;1.7375;0.01143;0.06222;0.8844;0.1453;1.2559
2021-04-07;0.9614;1.3588;0.1928;1.4994;1.7354;0.01149;0.06248;0.8859;0.1465;1.2617
2021-04-08;0.9619;1.3601;0.1920;1.4977;1.7292;0.01152;0.06258;0.8870;0.1471;1.2579
2021-04-09;0.9565;1.3554;0.1914;1.4920;1.7216;0.01144;0.06220;0.8833;0.1468;1.2544
2021-04-12;0.9569;1.3605;0.1917;1.4952;1.7257;0.01148;0.06240;0.8827;0.1465;1.2553
2021-04-13;0.9579;1.3623;0.1918;1.4984;1.7250;0.01150;0.06247;0.8839;0.1472;1.2554
2021-04-14;0.9670;1.3583;0.1919;1.5004;1.7273;0.01150;0.06244;0.8942;0.1481;1.2533
2021-04-15;0.9710;1.3586;0.1921;1.4998;1.7274;0.01153;0.06281;0.8982;0.1482;1.2530
2021-04-16;0.9674;1.3595;0.1917;1.4979;1.7278;0.01149;0.06275;0.8934;0.1482;1.2503
2021-04-19;0.9717;1.3683;0.1923;1.5063;1.7494;0.01158;0.06314;0.8988;0.1490;1.2519
2021-04-20;0.9738;1.3731;0.1934;1.5133;1.7535;0.01162;0.06316;0.9036;0.1492;1.2572
2021-04-21;0.9696;1.3648;0.1929;1.5056;1.7438;0.01158;0.06295;0.9018;0.1486;1.2523
2021-04-22;0.9649;1.3620;0.1926;1.5023;1.7308;0.01156;0.06279;0.8958;0.1483;1.2500
2021-04-23;0.9670;1.3653;0.1923;1.5080;1.7316;0.01158;0.06292;0.8975;0.1487;1.2489
2021-04-26;0.9681;1.3568;0.1914;1.4997;1.7241;0.01148;0.06252;0.8975;0.1481;1.2412
2021-04-27;0.9639;1.3575;0.1913;1.4985;1.7249;0.01143;0.06203;0.8946;0.1479;1.2403
2021-04-28;0.9597;1.3535;0.1907;1.4941;1.7186;0.01135;0.06191;0.8946;0.1477;1.2357
2021-04-29;0.9552;1.3515;0.1899;1.4897;1.7145;0.01128;0.06127;0.8900;0.1469;1.2292
2021-04-30;0.9490;1.3468;0.1898;1.4798;1.7003;0.01125;0.06091;0.8823;0.1455;1.2285
2021-05-03;0.9521;1.3467;0.1897;1.4808;1.7075;0.01125;0.06075;0.8837;0.1457;1.2279
2021-05-04;0.9488;1.3487;0.1902;1.4803;1.7088;0.01127;0.06085;0.8790;0.1453;1.2315
2021-05-05;0.9501;1.3437;0.1896;1.4726;1.7066;0.01123;0.06065;0.8841;0.1445;1.2272
2021-05-06;0.9474;1.3426;0.1887;1.4708;1.6945;0.01118;0.06047;0.8806;0.1445;1.2200
2021-05-07;0.9523;1.3468;0.1889;1.4761;1.6985;0.01119;0.06096;0.8837;0.1459;1.2156
2021-05-10;0.9514;1.3442;0.1885;1.4707;1.7097;0.01112;0.06079;0.8816;0.1453;1.2095
2021-05-11;0.9483;1.3401;0.1882;1.4710;1.7114;0.01114;0.06077;0.8793;0.1455;1.2096
2021-05-12;0.9375;1.3327;0.1875;1.4620;1.7040;0.01106;0.06024;0.8685;0.1440;1.2096
2021-05-13;0.9386;1.3404;0.1883;1.4677;1.7058;0.01109;0.06062;0.8724;0.1445;1.2150
2021-05-14;0.9412;1.3416;0.1881;1.4697;1.7065;0.01107;0.06103;0.8769;0.1451;1.2109
2021-05-17;0.9376;1.3397;0.1876;1.4680;1.7062;0.01107;0.06095;0.8707;0.1449;1.2081
2021-05-18;0.9395;1.3430;0.1876;1.4724;1.7107;0.01106;0.06080;0.8737;0.1455;1.2051
2021-05-19;0.9369;1.3421;0.1880;1.4770;1.7119;0.01111;0.06091;0.8689;0.1452;1.2100
2021-05-20;0.9378;1.3424;0.1876;1.4744;1.7099;0.01109;0.06067;0.8691;0.1452;1.2070
2021-05-21;0.9337;1.3424;0.1875;1.4694;1.7087;0.01108;0.06048;0.8657;0.1450;1.2061
2021-05-25;0.9348;1.3456;0.1881;1.4767;1.7051;0.01107;0.06063;0.8718;0.1459;1.2057
2021-05-26;0.9383;1.3498;0.1895;1.4784;1.7111;0.01110;0.06090;0.8829;0.1458;1.2110
2021-05-27;0.9346;1.3442;0.1891;1.4723;1.7124;0.01101;0.06050;0.8806;0.1457;1.2073
2021-05-28;0.9311;1.3426;0.1897;1.4723;1.7135;0.01100;0.06058;0.8758;0.1454;1.2086
2021-05-31;0.9341;1.3423;0.1895;1.4749;1.7137;0.01102;0.06058;0.8782;0.1456;1.2072
2021-06-01;0.9337;1.3428;0.1887;1.4729;1.7057;0.01100;0.06045;0.8736;0.1457;1.2040
2021-06-02;0.9336;1.3408;0.1888;1.4709;1.7077;0.01099;0.06049;0.8723;0.1457;1.2052
2021-06-03;0.9278;1.3392;0.1890;1.4688;1.7081;0.01098;0.06029;0.8656;0.1453;1.2103
2021-06-04;0.9345;1.3435;0.1889;1.4700;1.7124;0.01103;0.06052;0.8700;0.1459;1.2084
2021-06-07;0.9370;1.3449;0.1887;1.4713;1.7117;0.01105;0.06099;0.8735;0.1461;1.2073
2021-06-08;0.9365;1.3495;0.1890;1.4734;1.7116;0.01105;0.06125;0.8711;0.1463;1.2097
2021-06-09;0.9359;1.3509;0.1894;1.4741;1.7087;0.01104;0.06142;0.8689;0.1465;1.2095
2021-06-10;0.9373;1.3506;0.1892;1.4723;1.7120;0.01104;0.06139;0.8704;0.1465;1.2094
2021-06-11;0.9361;1.3518;0.1899;1.4709;1.7149;0.01107;0.06117;0.8665;0.1460;1.2148
2021-06-14;0.9367;1.3501;0.1898;1.4718;1.7136;0.01104;0.06095;0.8673;0.1458;1.2142
2021-06-15;0.9367;1.3561;0.1903;1.4774;1.7158;0.01107;0.06069;0.8679;0.1463;1.2188
2021-06-16;0.9373;1.3535;0.1905;1.4747;1.7173;0.01108;0.06062;0.8685;0.1455;1.2191
2021-06-17;0.9330;1.3464;0.1914;1.4711;1.7191;0.01118;0.06032;0.8648;0.1446;1.2341